,date_time,maxtempC,mintempC,totalSnow_cm,sunHour,uvIndex,uvIndex.1,moon_illumination,moonrise,moonset,sunrise,sunset,DewPointC,FeelsLikeC,HeatIndexC,WindChillC,WindGustKmph,cloudcover,humidity,precipMM,pressure,tempC,visibility,winddirDegree,windspeedKmph,Dates,average_temp,weather
89064,2019-03-01,26,15,0.0,11.6,6,1,26,03:10 AM,01:50 PM,06:47 AM,06:20 PM,9,14,16,14,12,3,57,0.0,1015,14,10,339,9,2024-03-01,20.5,Winter
89088,2019-03-02,25,16,0.0,10.2,6,1,19,03:59 AM,02:40 PM,06:46 AM,06:21 PM,9,18,18,18,8,14,54,0.0,1014,18,10,23,6,2024-03-02,20.5,Winter
89112,2019-03-03,22,16,0.0,11.6,5,1,12,04:44 AM,03:33 PM,06:45 AM,06:22 PM,10,18,18,18,16,63,58,0.0,1014,18,10,88,12,2024-03-03,19.0,Winter
89136,2019-03-04,25,17,0.0,10.2,6,1,4,05:26 AM,04:25 PM,06:44 AM,06:22 PM,13,19,19,19,10,9,69,0.0,1009,19,10,25,8,2024-03-04,21.0,Winter
89160,2019-03-05,25,17,0.0,11.6,6,1,0,06:03 AM,05:18 PM,06:42 AM,06:23 PM,12,19,19,19,12,53,68,0.1,1009,19,10,336,9,2024-03-05,21.0,Winter
89184,2019-03-06,26,19,0.0,11.6,6,1,0,06:39 AM,06:10 PM,06:41 AM,06:24 PM,13,20,21,20,6,4,62,0.0,1011,20,10,317,6,2024-03-06,22.5,Winter
89208,2019-03-07,29,21,0.0,11.6,7,1,3,07:13 AM,07:03 PM,06:40 AM,06:24 PM,15,20,22,20,6,0,58,0.0,1011,20,10,335,5,2024-03-07,25.0,Normal
89232,2019-03-08,28,18,0.0,11.6,6,1,10,07:45 AM,07:56 PM,06:39 AM,06:25 PM,10,22,23,22,10,1,46,0.0,1012,22,10,39,9,2024-03-08,23.0,Winter
89256,2019-03-09,27,17,0.0,11.6,6,1,17,08:17 AM,08:49 PM,06:38 AM,06:25 PM,4,20,20,20,11,17,35,0.0,1013,20,10,120,8,2024-03-09,22.0,Winter
89280,2019-03-10,30,20,0.0,11.6,7,1,24,08:50 AM,09:43 PM,06:37 AM,06:26 PM,12,25,25,22,13,0,51,0.0,1013,22,10,342,12,2024-03-10,25.0,Normal
89304,2019-03-11,30,19,0.0,11.6,6,1,32,09:25 AM,10:39 PM,06:36 AM,06:27 PM,10,24,24,23,12,1,44,0.0,1013,23,10,93,10,2024-03-11,24.5,Winter
89328,2019-03-12,30,20,0.0,11.6,7,1,39,10:02 AM,11:37 PM,06:35 AM,06:27 PM,13,21,23,21,15,61,57,0.0,1014,21,10,240,12,2024-03-12,25.0,Normal
89352,2019-03-13,25,19,0.0,8.8,5,1,46,10:43 AM,No moonset,06:34 AM,06:28 PM,9,21,23,21,19,36,46,0.0,1014,21,10,354,14,2024-03-13,22.0,Winter
89376,2019-03-14,26,19,0.0,8.8,6,1,54,11:31 AM,12:36 AM,06:32 AM,06:28 PM,8,21,21,21,12,18,45,0.0,1016,21,10,27,8,2024-03-14,22.5,Winter
89400,2019-03-15,28,18,0.0,11.6,6,1,61,12:23 PM,01:37 AM,06:31 AM,06:29 PM,13,19,19,19,21,49,69,1.8,1017,19,8,18,12,2024-03-15,23.0,Winter
89424,2019-03-16,29,18,0.0,11.6,6,1,68,01:23 PM,02:36 AM,06:30 AM,06:30 PM,13,25,25,23,13,0,54,0.0,1016,23,10,346,11,2024-03-16,23.5,Winter
89448,2019-03-17,33,20,0.0,11.6,6,1,75,02:27 PM,03:34 AM,06:29 AM,06:30 PM,7,22,23,22,11,58,39,0.0,1014,22,10,215,7,2024-03-17,26.5,Normal
89472,2019-03-18,33,24,0.0,11.6,7,1,83,03:35 PM,04:27 AM,06:28 AM,06:31 PM,9,26,26,26,7,0,34,0.0,1013,26,20,317,6,2024-03-18,28.5,Normal
89496,2019-03-19,34,26,0.0,11.6,7,1,90,04:43 PM,05:16 AM,06:27 AM,06:31 PM,10,26,26,26,5,31,35,0.0,1011,26,20,120,4,2024-03-24,30.0,Summer
89520,2019-03-20,34,24,0.0,10.2,7,1,97,05:52 PM,06:01 AM,06:26 AM,06:32 PM,11,27,27,27,12,0,35,0.0,1007,27,10,118,10,2024-03-20,29.0,Normal
89544,2019-03-21,32,24,0.0,11.6,7,1,100,06:59 PM,06:44 AM,06:24 AM,06:33 PM,12,27,27,28,5,1,38,0.0,1009,28,10,152,5,2024-03-21,28.0,Normal
89568,2019-03-22,32,23,0.0,11.6,7,1,88,08:04 PM,07:24 AM,06:23 AM,06:33 PM,6,24,24,24,19,11,31,0.0,1012,24,10,331,13,2024-03-22,27.5,Normal
89592,2019-03-23,33,20,0.0,11.6,7,1,81,09:08 PM,08:04 AM,06:22 AM,06:34 PM,6,25,25,25,15,3,30,0.0,1013,25,10,327,13,2024-03-23,26.5,Normal
89640,2019-03-25,32,22,0.0,11.6,7,1,66,11:11 PM,09:26 AM,06:20 AM,06:35 PM,10,26,26,26,13,20,37,0.0,1011,26,10,119,10,2024-03-25,27.0,Normal
89664,2019-03-26,35,24,0.0,11.6,7,1,59,No moonrise,10:09 AM,06:19 AM,06:35 PM,11,25,25,24,13,50,44,0.0,1013,24,9,14,12,2024-03-26,29.5,Summer
89688,2019-03-27,38,26,0.0,11.6,8,1,52,12:09 AM,10:55 AM,06:17 AM,06:36 PM,9,28,28,29,7,0,28,0.0,1013,29,10,327,6,2024-03-27,32.0,Summer
89712,2019-03-28,37,27,0.0,11.6,8,1,45,01:04 AM,11:44 AM,06:16 AM,06:36 PM,7,27,27,29,9,5,25,0.0,1011,29,10,335,6,2024-03-28,32.0,Summer
89736,2019-03-29,40,27,0.0,11.6,8,1,37,01:55 AM,12:34 PM,06:15 AM,06:37 PM,9,30,30,31,10,11,25,0.0,1009,31,20,16,7,2024-03-29,33.5,Summer
89760,2019-03-30,44,27,0.0,11.6,9,1,30,02:42 AM,01:26 PM,06:14 AM,06:38 PM,6,29,29,32,11,8,21,0.0,1005,32,20,246,7,2024-03-30,35.5,Summer
89784,2019-03-31,41,27,0.0,11.6,9,1,26,03:25 AM,02:19 PM,06:13 AM,06:38 PM,10,34,34,35,8,0,21,0.0,1004,35,20,21,7,2024-03-31,34.0,Summer
89808,2019-04-01,38,28,0.0,11.6,8,1,9,04:03 AM,03:12 PM,06:12 AM,06:39 PM,2,29,29,32,13,0,16,0.0,1006,32,10,318,11,2024-04-01,33.0,Summer
89832,2019-04-02,40,29,0.0,11.6,9,1,1,04:39 AM,04:04 PM,06:11 AM,06:39 PM,2,30,30,32,8,0,15,0.0,1007,32,10,344,6,2024-04-02,34.5,Summer
89856,2019-04-03,43,31,0.0,11.6,9,1,0,05:14 AM,04:57 PM,06:09 AM,06:40 PM,-1,31,31,33,11,0,11,0.0,1007,33,10,323,10,2024-04-03,37.0,Summer
89880,2019-04-04,44,31,0.0,11.6,9,1,0,05:46 AM,05:50 PM,06:08 AM,06:40 PM,5,33,33,35,7,0,16,0.0,1007,35,10,52,6,2024-04-04,37.5,Summer
89904,2019-04-05,42,31,0.0,11.6,9,1,0,06:18 AM,06:43 PM,06:07 AM,06:41 PM,6,36,36,37,3,0,15,0.0,1005,37,10,250,3,2024-04-05,36.5,Summer
89928,2019-04-06,43,32,0.0,11.6,9,1,6,06:51 AM,07:39 PM,06:06 AM,06:42 PM,7,32,32,34,12,50,19,0.0,1005,34,10,253,8,2024-04-06,37.5,Summer
89952,2019-04-07,41,30,0.0,11.6,9,1,14,07:26 AM,08:34 PM,06:05 AM,06:42 PM,10,35,35,36,7,1,21,0.0,1002,36,10,113,6,2024-04-07,35.5,Summer
89976,2019-04-08,45,29,0.0,11.6,8,1,21,08:02 AM,09:33 PM,06:04 AM,06:43 PM,14,32,32,32,17,13,32,0.0,1004,32,10,110,14,2024-04-08,37.0,Summer
90000,2019-04-09,43,32,0.0,11.6,9,1,29,08:42 AM,10:31 PM,06:03 AM,06:43 PM,10,34,34,35,12,0,22,0.0,1003,35,10,62,10,2024-04-09,37.5,Summer
90024,2019-04-10,42,34,0.0,11.6,9,1,36,09:28 AM,11:32 PM,06:02 AM,06:44 PM,9,36,36,37,6,1,18,0.0,1004,37,10,27,5,2024-04-10,38.0,Summer
90048,2019-04-11,44,32,0.0,11.6,9,1,44,10:18 AM,No moonset,06:01 AM,06:44 PM,6,33,33,35,12,5,17,0.0,1005,35,10,8,10,2024-04-11,38.0,Summer
90072,2019-04-12,41,32,0.0,12.5,9,1,52,11:15 AM,12:30 AM,06:00 AM,06:45 PM,6,36,36,37,10,2,15,0.0,1004,37,10,28,9,2024-04-12,36.5,Summer
90096,2019-04-13,42,32,0.0,12.9,9,1,59,12:15 PM,01:27 AM,05:58 AM,06:45 PM,8,32,32,33,14,9,21,0.0,1006,33,10,12,12,2024-04-13,37.0,Summer
90120,2019-04-14,41,34,0.0,12.9,9,1,67,01:20 PM,02:20 AM,05:57 AM,06:46 PM,8,34,34,36,15,3,19,0.0,1005,36,10,3,13,2024-04-14,37.5,Summer
90144,2019-04-15,43,31,0.0,12.9,9,1,74,02:26 PM,03:09 AM,05:56 AM,06:47 PM,6,36,36,36,19,8,18,0.0,1005,36,10,355,15,2024-04-15,37.0,Summer
90168,2019-04-16,36,27,0.0,12.9,7,1,82,03:32 PM,03:54 AM,05:55 AM,06:47 PM,7,34,34,36,15,29,17,0.1,1003,36,10,94,11,2024-04-16,31.5,Summer
90192,2019-04-17,29,22,0.0,8.1,6,1,89,04:38 PM,04:36 AM,05:54 AM,06:48 PM,16,27,27,26,13,59,54,12.0,1009,26,7,201,11,2024-04-17,25.5,Normal
90216,2019-04-18,32,24,0.0,13.0,7,1,97,05:43 PM,05:16 AM,05:53 AM,06:48 PM,16,26,26,24,13,56,59,0.0,1010,24,9,106,11,2024-04-18,28.0,Normal
90240,2019-04-19,33,26,0.0,13.0,8,1,100,06:48 PM,05:55 AM,05:52 AM,06:49 PM,12,28,28,29,11,9,37,0.0,1009,29,10,339,10,2024-04-24,29.5,Summer
90264,2019-04-20,37,29,0.0,13.0,8,1,88,07:52 PM,06:35 AM,05:51 AM,06:50 PM,11,30,30,28,8,4,30,0.0,1006,28,10,318,7,2024-04-20,33.0,Summer
90288,2019-04-21,39,31,0.0,13.0,9,1,81,08:54 PM,07:16 AM,05:50 AM,06:50 PM,9,31,31,33,13,6,23,0.0,1004,33,10,308,10,2024-04-21,35.0,Summer
90312,2019-04-22,41,33,0.0,13.0,9,1,73,09:55 PM,07:59 AM,05:49 AM,06:51 PM,10,33,33,35,11,6,22,0.0,1003,35,10,301,8,2024-04-22,37.0,Summer
90336,2019-04-23,43,36,0.0,13.0,10,1,65,10:53 PM,08:45 AM,05:48 AM,06:51 PM,10,36,36,37,11,2,19,0.0,1003,37,10,338,10,2024-04-23,39.5,Summer
90384,2019-04-25,45,36,0.0,13.1,10,1,50,No moonrise,10:25 AM,05:46 AM,06:53 PM,5,40,40,40,9,1,12,0.0,1003,40,10,291,8,2024-04-25,40.5,Summer
90408,2019-04-26,43,37,0.0,13.1,10,1,43,12:36 AM,11:17 AM,05:46 AM,06:53 PM,1,40,40,40,10,0,9,0.0,1003,40,10,312,9,2024-04-26,40.0,Summer
90432,2019-04-27,42,36,0.0,13.1,9,1,35,01:22 AM,12:10 PM,05:45 AM,06:54 PM,4,37,37,38,16,0,12,0.0,1004,38,10,340,14,2024-04-27,39.0,Summer
90456,2019-04-28,42,35,0.0,13.1,9,1,28,02:02 AM,01:03 PM,05:44 AM,06:54 PM,1,36,36,38,20,0,10,0.0,1003,38,10,340,17,2024-04-28,38.5,Summer
90480,2019-04-29,46,37,0.0,13.1,10,1,20,02:39 AM,01:56 PM,05:43 AM,06:55 PM,4,38,38,39,13,0,11,0.0,1001,39,10,329,11,2024-04-29,41.5,Summer
90504,2019-04-30,45,37,0.0,13.1,10,1,13,03:14 AM,02:49 PM,05:42 AM,06:56 PM,3,42,42,41,6,0,10,0.0,999,41,10,67,5,2024-04-30,41.0,Summer
90528,2019-05-01,45,37,0.0,13.2,10,1,12,03:47 AM,03:42 PM,05:41 AM,06:56 PM,2,38,38,39,21,8,10,0.0,997,39,10,255,16,2024-05-01,41.0,Summer
90552,2019-05-02,46,34,0.0,13.2,9,1,5,04:18 AM,04:35 PM,05:40 AM,06:57 PM,3,39,39,39,14,0,11,0.0,999,39,10,327,13,2024-05-02,40.0,Summer
90576,2019-05-03,40,31,0.0,13.2,9,1,0,04:51 AM,05:30 PM,05:39 AM,06:57 PM,11,32,32,33,22,33,26,0.0,1001,33,10,47,19,2024-05-03,35.5,Summer
90600,2019-05-04,41,34,0.0,13.2,9,1,0,05:25 AM,06:26 PM,05:39 AM,06:58 PM,10,39,39,36,6,59,18,0.1,1002,36,10,13,5,2024-05-04,37.5,Summer
90624,2019-05-05,42,35,0.0,13.2,9,1,2,06:01 AM,07:25 PM,05:38 AM,06:59 PM,-2,36,36,37,14,0,9,0.0,1004,37,10,332,12,2024-05-05,38.5,Summer
90648,2019-05-06,43,35,0.0,13.2,10,1,9,06:40 AM,08:24 PM,05:37 AM,06:59 PM,-4,37,37,38,14,0,7,0.0,1003,38,10,264,12,2024-05-06,39.0,Summer
90672,2019-05-07,44,36,0.0,13.6,10,1,17,07:25 AM,09:26 PM,05:36 AM,07:00 PM,-3,40,40,40,7,0,6,0.0,1001,40,10,319,6,2024-05-07,40.0,Summer
90696,2019-05-08,44,34,0.0,13.6,10,1,24,08:14 AM,10:26 PM,05:36 AM,07:00 PM,1,40,40,40,12,0,9,0.0,1000,40,10,270,10,2024-05-08,39.0,Summer
90720,2019-05-09,44,34,0.0,13.7,9,1,31,09:09 AM,11:24 PM,05:35 AM,07:01 PM,1,41,41,40,13,1,8,0.0,1000,40,10,281,12,2024-05-09,39.0,Summer
90744,2019-05-10,45,34,0.0,13.7,10,1,39,10:09 AM,No moonset,05:34 AM,07:02 PM,4,36,36,37,29,0,13,0.0,1000,37,10,258,23,2024-05-10,39.5,Summer
90768,2019-05-11,42,33,0.0,13.7,9,1,46,11:12 AM,12:18 AM,05:33 AM,07:02 PM,7,36,36,37,24,0,16,0.0,1002,37,10,284,20,2024-05-11,37.5,Summer
90792,2019-05-12,42,31,0.0,13.3,8,1,53,12:17 PM,01:08 AM,05:33 AM,07:03 PM,11,34,34,35,28,34,24,0.0,1003,35,10,326,23,2024-05-12,36.5,Summer
90816,2019-05-13,41,36,0.0,13.7,9,1,60,01:22 PM,01:53 AM,05:32 AM,07:04 PM,9,37,37,38,11,4,18,0.0,1001,38,10,332,9,2024-05-13,38.5,Summer
90840,2019-05-14,40,31,0.0,13.7,8,1,68,02:25 PM,02:34 AM,05:31 AM,07:04 PM,12,34,34,35,18,85,25,0.3,1002,35,9,216,15,2024-05-14,35.5,Summer
90864,2019-05-15,43,32,0.0,13.3,9,1,75,03:29 PM,03:14 AM,05:31 AM,07:05 PM,12,35,35,36,13,50,23,0.1,1002,36,10,56,10,2024-05-15,37.5,Summer
90888,2019-05-16,41,34,0.0,13.3,9,1,82,04:32 PM,03:52 AM,05:30 AM,07:05 PM,11,38,38,38,12,5,20,0.0,1002,38,10,151,10,2024-05-16,37.5,Summer
90912,2019-05-17,38,34,0.0,13.8,9,1,89,05:35 PM,04:29 AM,05:30 AM,07:06 PM,11,36,36,37,13,6,20,0.0,1003,37,10,314,11,2024-05-17,36.0,Summer
90936,2019-05-18,37,29,0.0,13.8,8,1,97,06:37 PM,05:09 AM,05:29 AM,07:07 PM,15,34,34,33,13,10,33,0.0,1003,33,10,6,11,2024-05-18,33.0,Summer
90960,2019-05-19,41,33,0.0,13.8,9,1,100,07:39 PM,05:51 AM,05:29 AM,07:07 PM,13,34,34,35,17,3,28,0.0,1003,35,10,288,14,2024-05-24,37.0,Summer
90984,2019-05-20,42,35,0.0,13.8,9,1,89,08:39 PM,06:35 AM,05:28 AM,07:08 PM,9,35,35,37,15,5,19,0.0,1005,37,10,269,13,2024-05-20,38.5,Summer
91008,2019-05-21,42,36,0.0,13.8,9,1,81,09:36 PM,07:23 AM,05:28 AM,07:08 PM,10,37,37,38,12,4,18,0.0,1003,38,10,293,10,2024-05-21,39.0,Summer
91032,2019-05-22,44,35,0.0,12.2,10,1,74,10:28 PM,08:14 AM,05:27 AM,07:09 PM,9,37,37,38,13,6,17,0.0,1002,38,10,275,10,2024-05-22,39.5,Summer
91056,2019-05-23,44,37,0.0,13.3,10,1,67,11:16 PM,09:06 AM,05:27 AM,07:10 PM,11,39,39,39,11,4,18,0.0,1000,39,10,274,10,2024-05-23,40.5,Summer
91104,2019-05-25,40,34,0.0,13.9,9,1,52,No moonrise,10:54 AM,05:26 AM,07:11 PM,13,36,36,36,17,8,24,0.0,1001,36,10,233,14,2024-05-25,37.0,Summer
91128,2019-05-26,43,38,0.0,13.9,10,1,45,12:37 AM,11:47 AM,05:26 AM,07:11 PM,11,38,38,38,13,2,20,0.0,1000,38,10,224,11,2024-05-26,40.5,Summer
91152,2019-05-27,45,39,0.0,13.9,10,1,38,01:13 AM,12:40 PM,05:25 AM,07:12 PM,8,41,41,41,14,0,14,0.0,1000,41,10,333,12,2024-05-27,42.0,Summer
91176,2019-05-28,46,39,0.0,13.9,10,1,31,01:47 AM,01:33 PM,05:25 AM,07:12 PM,5,42,42,42,12,0,11,0.0,1000,42,10,218,10,2024-05-28,42.5,Summer
91200,2019-05-29,47,40,0.0,13.9,10,1,23,02:18 AM,02:25 PM,05:25 AM,07:13 PM,4,44,44,42,12,0,10,0.0,998,42,10,309,10,2024-05-29,43.5,Summer
91224,2019-05-30,48,41,0.0,13.9,11,1,16,02:50 AM,03:19 PM,05:24 AM,07:14 PM,3,46,46,44,11,0,8,0.0,996,44,10,285,9,2024-05-30,44.5,Summer
91248,2019-05-31,49,41,0.0,13.9,11,1,12,03:23 AM,04:14 PM,05:24 AM,07:14 PM,2,44,44,43,14,2,8,0.0,996,43,10,284,11,2024-05-31,45.0,Summer
91272,2019-06-01,48,39,0.0,13.9,10,1,0,03:57 AM,05:12 PM,05:24 AM,07:15 PM,9,42,42,41,24,1,15,0.0,995,41,10,259,19,2024-06-01,43.5,Summer
91296,2019-06-02,51,38,0.0,13.9,10,1,0,04:35 AM,06:11 PM,05:24 AM,07:15 PM,3,44,44,43,16,3,9,0.0,995,43,10,265,13,2024-06-02,44.5,Summer
91320,2019-06-03,51,38,0.0,13.9,10,1,0,05:18 AM,07:14 PM,05:24 AM,07:16 PM,5,50,50,46,4,0,9,0.0,994,46,10,179,4,2024-06-03,44.5,Summer
91344,2019-06-04,50,37,0.0,13.9,10,1,6,06:06 AM,08:16 PM,05:23 AM,07:16 PM,12,49,49,45,8,1,14,0.0,995,45,10,119,7,2024-06-04,43.5,Summer
91368,2019-06-05,50,41,0.0,13.9,11,1,13,07:01 AM,09:17 PM,05:23 AM,07:17 PM,9,46,46,44,12,0,12,0.0,996,44,10,15,11,2024-06-05,45.5,Summer
91392,2019-06-06,47,40,0.0,13.9,10,1,21,08:01 AM,10:14 PM,05:23 AM,07:17 PM,10,50,50,46,7,0,12,0.0,995,46,10,277,6,2024-06-06,43.5,Summer
91416,2019-06-07,48,38,0.0,13.9,10,1,28,09:04 AM,11:06 PM,05:23 AM,07:17 PM,4,42,42,41,18,0,10,0.0,998,41,10,226,15,2024-06-07,43.0,Summer
91440,2019-06-08,49,41,0.0,14.0,11,1,36,10:10 AM,11:53 PM,05:23 AM,07:18 PM,7,46,46,44,10,0,11,0.0,998,44,10,236,9,2024-06-08,45.0,Summer
91464,2019-06-09,49,43,0.0,14.0,11,1,44,11:15 AM,No moonset,05:23 AM,07:18 PM,5,49,49,46,8,0,9,0.0,996,46,10,210,7,2024-06-09,46.0,Summer
91488,2019-06-10,50,42,0.0,14.0,11,1,51,12:19 PM,12:35 AM,05:23 AM,07:19 PM,9,50,50,46,4,0,11,0.0,995,46,20,224,4,2024-06-10,46.0,Summer
91512,2019-06-11,48,40,0.0,14.0,10,1,59,01:22 PM,01:15 AM,05:23 AM,07:19 PM,2,46,46,44,16,4,8,0.0,992,44,10,286,13,2024-06-11,44.0,Summer
91536,2019-06-12,47,39,0.0,14.0,9,1,66,02:23 PM,01:52 AM,05:23 AM,07:20 PM,10,44,44,42,17,67,15,0.0,994,42,20,262,14,2024-06-12,43.0,Summer
91560,2019-06-13,47,39,0.0,13.3,10,1,74,03:25 PM,02:29 AM,05:23 AM,07:20 PM,14,43,43,41,9,0,17,0.0,995,41,20,225,8,2024-06-13,43.0,Summer
91584,2019-06-14,48,38,0.0,14.0,10,1,81,04:26 PM,03:07 AM,05:23 AM,07:20 PM,13,40,40,39,30,0,22,0.0,994,39,20,252,23,2024-06-14,43.0,Summer
91608,2019-06-15,47,36,0.0,14.0,10,1,89,05:27 PM,03:47 AM,05:23 AM,07:21 PM,6,40,40,39,24,1,16,0.0,995,39,20,266,19,2024-06-15,41.5,Summer
91632,2019-06-16,40,31,0.0,13.3,9,1,96,06:27 PM,04:29 AM,05:23 AM,07:21 PM,16,39,39,38,34,26,28,0.0,995,38,20,276,25,2024-06-16,35.5,Summer
91656,2019-06-17,41,31,0.0,13.3,9,1,100,07:25 PM,05:15 AM,05:23 AM,07:21 PM,16,34,34,33,27,5,36,0.0,997,33,20,293,22,2024-06-17,36.0,Summer
91680,2019-06-18,42,33,0.0,14.0,8,1,89,08:19 PM,06:04 AM,05:23 AM,07:22 PM,16,36,36,32,15,34,33,0.1,996,32,20,249,13,2024-06-18,37.5,Summer
91704,2019-06-19,39,32,0.0,14.0,9,1,81,09:09 PM,06:56 AM,05:24 AM,07:22 PM,19,37,37,35,20,10,38,0.0,997,35,17,235,18,2024-06-24,35.5,Summer
91728,2019-06-20,42,30,0.0,14.0,9,1,73,09:54 PM,07:50 AM,05:24 AM,07:22 PM,18,33,33,31,19,12,46,0.0,1000,31,10,151,17,2024-06-20,36.0,Summer
91752,2019-06-21,45,37,0.0,14.0,10,1,66,10:35 PM,08:44 AM,05:24 AM,07:22 PM,13,40,40,40,4,7,20,0.0,998,40,10,252,4,2024-06-21,41.0,Summer
91776,2019-06-22,50,38,0.0,14.0,10,1,58,11:12 PM,09:38 AM,05:24 AM,07:22 PM,14,42,42,40,10,2,21,0.0,997,40,10,253,9,2024-06-22,44.0,Summer
91800,2019-06-23,44,36,0.0,14.0,9,1,51,11:46 PM,10:30 AM,05:24 AM,07:23 PM,11,45,45,43,9,2,15,0.0,996,43,10,213,8,2024-06-23,40.0,Summer
91848,2019-06-25,43,35,0.0,14.0,9,1,36,12:18 AM,12:15 PM,05:25 AM,07:23 PM,21,42,42,37,13,8,40,0.0,999,37,10,111,12,2024-06-25,39.0,Summer
91872,2019-06-26,46,38,0.0,14.0,10,1,28,12:49 AM,01:08 PM,05:25 AM,07:23 PM,19,43,43,39,10,19,33,0.0,997,39,10,74,9,2024-06-26,42.0,Summer
91896,2019-06-27,46,39,0.0,14.0,10,1,21,01:21 AM,02:02 PM,05:25 AM,07:23 PM,11,46,46,44,10,1,15,0.0,994,44,10,334,9,2024-06-27,42.5,Summer
91920,2019-06-28,47,37,0.0,14.0,10,1,13,01:54 AM,02:57 PM,05:26 AM,07:23 PM,14,40,40,39,22,3,22,0.0,993,39,10,293,19,2024-06-28,42.0,Summer
91944,2019-06-29,47,38,0.0,14.0,10,1,6,02:30 AM,03:56 PM,05:26 AM,07:23 PM,14,43,43,41,18,1,20,0.0,992,41,10,289,16,2024-06-29,42.5,Summer
91968,2019-06-30,46,38,0.0,13.3,10,1,0,03:10 AM,04:56 PM,05:26 AM,07:23 PM,14,42,42,41,15,3,20,0.0,992,41,10,291,13,2024-06-30,42.0,Summer
91992,2019-07-01,46,37,0.0,13.3,10,1,0,03:55 AM,05:59 PM,05:27 AM,07:23 PM,15,40,40,39,24,3,24,0.0,992,39,10,272,19,2024-07-01,41.5,Summer
92016,2019-07-02,52,41,0.0,14.0,11,1,0,04:47 AM,07:02 PM,05:27 AM,07:23 PM,16,45,45,43,13,1,21,0.0,992,43,10,251,11,2024-07-02,46.5,Summer
92040,2019-07-03,42,35,0.0,14.0,9,1,2,05:46 AM,08:02 PM,05:28 AM,07:23 PM,15,50,50,46,5,2,17,0.0,993,46,10,201,4,2024-07-03,38.5,Summer
92064,2019-07-04,43,37,0.0,12.2,10,1,9,06:50 AM,08:59 PM,05:28 AM,07:23 PM,18,41,41,38,15,41,31,0.0,993,38,10,171,12,2024-07-04,40.0,Summer
92088,2019-07-05,38,34,0.0,12.2,9,1,16,07:57 AM,09:49 PM,05:28 AM,07:23 PM,20,43,43,39,16,59,34,0.0,992,39,10,173,14,2024-07-05,36.0,Summer
92112,2019-07-06,40,35,0.0,13.9,8,1,24,09:04 AM,10:34 PM,05:29 AM,07:23 PM,21,40,40,36,14,44,43,0.0,991,36,10,231,12,2024-07-06,37.5,Summer
92136,2019-07-07,41,34,0.0,13.3,8,1,31,10:11 AM,11:16 PM,05:29 AM,07:23 PM,23,42,42,36,15,36,47,0.0,993,36,10,147,13,2024-07-07,37.5,Summer
92160,2019-07-08,42,35,0.0,12.2,8,1,38,11:15 AM,11:54 PM,05:30 AM,07:23 PM,22,41,41,36,22,81,45,0.1,993,36,10,168,18,2024-07-08,38.5,Summer
92184,2019-07-09,41,34,0.0,11.0,8,1,45,12:18 PM,No moonset,05:30 AM,07:23 PM,21,41,41,36,21,45,41,0.0,993,36,10,241,18,2024-07-09,37.5,Summer
92208,2019-07-10,41,30,0.0,12.2,8,1,53,01:19 PM,12:31 AM,05:31 AM,07:23 PM,24,38,38,34,25,88,68,3.2,995,34,6,164,19,2024-07-10,35.5,Summer
92232,2019-07-11,42,34,0.0,13.3,9,1,60,02:20 PM,01:08 AM,05:31 AM,07:22 PM,22,36,36,32,18,64,46,1.0,992,32,8,219,12,2024-07-11,38.0,Summer
92256,2019-07-12,41,34,0.0,13.3,9,1,67,03:20 PM,01:47 AM,05:32 AM,07:22 PM,21,41,41,37,17,19,40,0.0,994,37,10,234,14,2024-07-12,37.5,Summer
92280,2019-07-13,42,33,0.0,13.3,9,1,74,04:19 PM,02:27 AM,05:32 AM,07:22 PM,19,40,40,37,35,7,36,0.0,995,37,10,251,27,2024-07-13,37.5,Summer
92304,2019-07-14,42,32,0.0,13.9,9,1,82,05:17 PM,03:11 AM,05:33 AM,07:22 PM,19,39,39,36,37,6,36,0.0,994,36,10,253,29,2024-07-14,37.0,Summer
92328,2019-07-15,39,30,0.0,8.7,8,1,89,06:12 PM,03:59 AM,05:33 AM,07:21 PM,21,41,41,36,17,56,42,0.4,994,36,10,276,14,2024-07-15,34.5,Summer
92352,2019-07-16,34,26,0.0,8.7,7,1,96,07:03 PM,04:49 AM,05:34 AM,07:21 PM,24,37,37,32,19,81,63,1.2,996,32,8,114,12,2024-07-16,30.0,Summer
92376,2019-07-17,38,30,0.0,11.0,7,1,100,07:50 PM,05:42 AM,05:34 AM,07:21 PM,24,30,30,27,10,72,66,0.9,998,27,9,138,7,2024-07-17,34.0,Summer
92400,2019-07-18,38,31,0.0,11.0,7,1,89,08:32 PM,06:35 AM,05:35 AM,07:20 PM,23,38,38,33,7,76,55,0.7,998,33,9,205,6,2024-07-18,34.5,Summer
92424,2019-07-19,36,32,0.0,12.2,7,1,82,09:11 PM,07:30 AM,05:35 AM,07:20 PM,22,40,40,35,9,36,48,0.0,997,35,10,175,8,2024-07-24,34.0,Summer
92448,2019-07-20,39,33,0.0,13.3,9,1,75,09:46 PM,08:23 AM,05:36 AM,07:19 PM,23,40,40,34,3,10,54,0.0,999,34,10,229,2,2024-07-20,36.0,Summer
92472,2019-07-21,40,35,0.0,12.2,9,1,67,10:18 PM,09:16 AM,05:36 AM,07:19 PM,22,41,41,36,11,45,44,0.0,998,36,10,132,9,2024-07-21,37.5,Summer
92496,2019-07-22,41,34,0.0,12.2,8,1,60,10:49 PM,10:08 AM,05:37 AM,07:19 PM,22,42,42,36,9,45,44,0.0,997,36,10,106,7,2024-07-22,37.5,Summer
92520,2019-07-23,42,36,0.0,11.0,8,1,53,11:21 PM,11:00 AM,05:37 AM,07:18 PM,22,43,43,38,6,35,40,0.0,996,38,10,99,5,2024-07-23,39.0,Summer
92568,2019-07-25,36,29,0.0,9.8,7,1,38,No moonrise,12:46 PM,05:39 AM,07:17 PM,23,36,36,31,26,75,64,0.3,995,31,9,198,20,2024-07-25,32.5,Summer
92592,2019-07-26,32,28,0.0,8.6,7,1,31,12:26 AM,01:42 PM,05:39 AM,07:16 PM,24,33,33,30,32,71,83,6.3,997,30,6,90,17,2024-07-26,30.0,Summer
92616,2019-07-27,34,26,0.0,9.8,7,1,24,01:03 AM,02:40 PM,05:40 AM,07:16 PM,25,34,34,29,15,73,76,0.5,995,29,9,70,11,2024-07-27,30.0,Summer
92640,2019-07-28,36,30,0.0,9.8,7,1,16,01:45 AM,03:41 PM,05:40 AM,07:15 PM,24,30,30,27,18,75,66,1.5,996,27,8,119,11,2024-07-28,33.0,Summer
92664,2019-07-29,37,30,0.0,13.3,7,1,9,02:33 AM,04:43 PM,05:41 AM,07:15 PM,24,38,38,32,26,51,63,0.0,998,32,10,112,20,2024-07-29,33.5,Summer
92688,2019-07-30,38,32,0.0,13.7,9,1,2,03:28 AM,05:45 PM,05:41 AM,07:14 PM,22,38,38,33,21,40,52,0.0,998,33,10,107,17,2024-07-30,35.0,Summer
92712,2019-07-31,35,32,0.0,12.1,8,1,0,04:29 AM,06:44 PM,05:42 AM,07:13 PM,22,38,38,33,19,30,50,0.0,998,33,10,115,16,2024-07-31,33.5,Summer
92736,2019-08-01,37,31,0.0,12.1,7,1,0,05:36 AM,07:38 PM,05:42 AM,07:13 PM,23,37,37,32,14,56,58,0.1,998,32,10,102,11,2024-08-01,34.0,Summer
92760,2019-08-02,38,32,0.0,9.7,8,1,5,06:45 AM,08:27 PM,05:43 AM,07:12 PM,23,40,40,34,12,42,55,0.1,996,34,10,118,10,2024-08-02,35.0,Summer
92784,2019-08-03,38,32,0.0,12.1,8,1,12,07:55 AM,09:11 PM,05:44 AM,07:11 PM,23,39,39,34,12,80,54,0.3,995,34,9,107,10,2024-08-03,35.0,Summer
92808,2019-08-04,38,33,0.0,13.7,8,1,20,09:02 AM,09:52 PM,05:44 AM,07:10 PM,23,41,41,35,11,55,49,0.1,996,35,10,95,9,2024-08-04,35.5,Summer
92832,2019-08-05,39,34,0.0,12.1,8,1,27,10:07 AM,10:30 PM,05:45 AM,07:10 PM,23,41,41,35,8,60,52,0.0,994,35,10,133,6,2024-08-05,36.5,Summer
92856,2019-08-06,40,33,0.0,12.1,8,1,34,11:11 AM,11:08 PM,05:45 AM,07:09 PM,24,41,41,34,12,83,57,1.2,993,34,8,116,8,2024-08-06,36.5,Summer
92880,2019-08-07,38,32,0.0,13.6,8,1,42,12:13 PM,11:47 PM,05:46 AM,07:08 PM,24,38,38,33,5,43,60,0.1,994,33,10,205,5,2024-08-07,35.0,Summer
92904,2019-08-08,38,32,0.0,13.6,8,1,49,01:15 PM,No moonset,05:46 AM,07:07 PM,23,41,41,35,13,47,51,0.0,992,35,10,87,11,2024-08-08,35.0,Summer
92928,2019-08-09,35,30,0.0,10.9,8,1,56,02:14 PM,12:27 AM,05:47 AM,07:06 PM,22,38,38,33,23,24,53,0.0,995,33,10,118,19,2024-08-09,32.5,Summer
92952,2019-08-10,35,29,0.0,9.7,8,1,63,03:12 PM,01:10 AM,05:47 AM,07:06 PM,23,35,35,31,26,24,65,0.0,996,31,10,108,22,2024-08-10,32.0,Summer
92976,2019-08-11,38,30,0.0,13.6,8,1,71,04:08 PM,01:56 AM,05:48 AM,07:05 PM,24,38,38,32,14,22,64,0.0,997,32,10,193,12,2024-08-11,34.0,Summer
93000,2019-08-12,38,32,0.0,10.9,8,1,78,05:00 PM,02:45 AM,05:49 AM,07:04 PM,24,41,41,34,6,86,54,0.4,997,34,10,221,5,2024-08-12,35.0,Summer
93024,2019-08-13,38,29,0.0,8.5,9,1,85,05:48 PM,03:37 AM,05:49 AM,07:03 PM,23,42,42,35,9,24,50,0.0,996,35,10,307,8,2024-08-13,33.5,Summer
93048,2019-08-14,38,32,0.0,13.3,7,1,92,06:31 PM,04:30 AM,05:50 AM,07:02 PM,25,34,34,30,6,60,60,0.0,998,30,10,193,5,2024-08-14,35.0,Summer
93072,2019-08-15,37,30,0.0,13.3,7,1,100,07:10 PM,05:24 AM,05:50 AM,07:01 PM,23,39,39,34,11,42,54,0.0,999,34,10,106,9,2024-08-15,33.5,Summer
93096,2019-08-16,33,28,0.0,9.6,8,1,100,07:46 PM,06:17 AM,05:51 AM,07:00 PM,24,36,36,31,23,19,64,0.0,998,31,10,95,19,2024-08-16,30.5,Summer
93120,2019-08-17,32,27,0.0,8.2,6,1,86,08:19 PM,07:10 AM,05:51 AM,06:59 PM,23,32,32,28,19,86,74,0.0,997,28,10,105,16,2024-08-17,29.5,Summer
93144,2019-08-18,35,27,0.0,12.0,7,1,78,08:51 PM,08:02 AM,05:52 AM,06:58 PM,24,33,33,28,23,70,80,1.7,998,28,8,177,14,2024-08-18,31.0,Summer
93168,2019-08-19,37,30,0.0,13.1,8,1,71,09:22 PM,08:54 AM,05:52 AM,06:57 PM,25,41,41,33,4,4,65,0.0,1002,33,10,109,3,2024-08-24,33.5,Summer
93192,2019-08-20,38,31,0.0,13.0,8,1,64,09:53 PM,09:46 AM,05:53 AM,06:56 PM,24,39,39,33,5,20,59,0.0,1001,33,10,121,5,2024-08-20,34.5,Summer
93216,2019-08-21,39,32,0.0,13.0,9,1,57,10:25 PM,10:38 AM,05:53 AM,06:55 PM,23,41,41,35,5,5,51,0.0,999,35,10,320,4,2024-08-21,35.5,Summer
93240,2019-08-22,37,30,0.0,10.7,8,1,49,11:00 PM,11:33 AM,05:54 AM,06:54 PM,22,37,37,34,15,25,57,0.0,999,34,10,138,13,2024-08-22,33.5,Summer
93264,2019-08-23,38,31,0.0,11.9,9,1,42,11:39 PM,12:28 PM,05:54 AM,06:53 PM,23,36,36,31,11,8,63,0.0,1000,31,10,177,9,2024-08-23,34.5,Summer
93312,2019-08-25,37,31,0.0,11.9,8,1,28,12:22 AM,02:26 PM,05:55 AM,06:51 PM,24,39,39,32,17,53,62,0.2,1000,32,10,139,14,2024-08-25,34.0,Summer
93336,2019-08-26,37,30,0.0,8.1,8,1,20,01:13 AM,03:27 PM,05:56 AM,06:50 PM,23,35,35,31,12,58,65,0.1,1001,31,10,126,10,2024-08-26,33.5,Summer
93360,2019-08-27,37,31,0.0,11.9,7,1,13,02:09 AM,04:26 PM,05:56 AM,06:49 PM,24,39,39,33,14,41,61,0.1,999,33,10,87,12,2024-08-27,34.0,Summer
93384,2019-08-28,39,32,0.0,12.9,9,1,6,03:13 AM,05:23 PM,05:57 AM,06:48 PM,24,42,42,35,9,6,54,0.0,999,35,10,92,8,2024-08-28,35.5,Summer
93408,2019-08-29,38,32,0.0,12.9,9,1,0,04:21 AM,06:14 PM,05:57 AM,06:47 PM,24,41,41,34,15,13,55,0.0,1001,34,10,128,12,2024-08-29,35.0,Summer
93432,2019-08-30,39,33,0.0,12.9,8,1,0,05:31 AM,07:01 PM,05:58 AM,06:45 PM,23,40,40,34,9,44,54,0.0,1000,34,10,147,8,2024-08-30,36.0,Summer
93456,2019-08-31,40,33,0.0,12.9,9,1,0,06:40 AM,07:44 PM,05:58 AM,06:44 PM,23,41,41,35,5,25,52,0.0,997,35,10,138,5,2024-08-31,36.5,Summer
93480,2019-09-01,38,33,0.0,11.9,8,1,9,07:49 AM,08:24 PM,05:59 AM,06:43 PM,24,42,42,35,10,85,55,0.5,997,35,9,103,8,2024-09-01,35.5,Summer
93504,2019-09-02,40,30,0.0,12.8,8,1,16,08:55 AM,09:04 PM,05:59 AM,06:42 PM,24,39,39,32,15,44,64,0.3,999,32,10,116,12,2024-09-02,35.0,Summer
93528,2019-09-03,39,33,0.0,12.4,9,1,24,10:01 AM,09:44 PM,06:00 AM,06:41 PM,23,41,41,35,10,26,52,0.0,998,35,10,87,9,2024-09-03,36.0,Summer
93552,2019-09-04,38,32,0.0,12.4,8,1,32,11:04 AM,10:24 PM,06:00 AM,06:40 PM,24,41,41,34,10,42,55,0.0,998,34,10,118,9,2024-09-04,35.0,Summer
93576,2019-09-05,37,31,0.0,10.2,8,1,39,12:06 PM,11:07 PM,06:01 AM,06:38 PM,25,40,40,33,15,21,62,0.0,998,33,10,105,12,2024-09-05,34.0,Summer
93600,2019-09-06,37,32,0.0,11.6,8,1,47,01:07 PM,11:53 PM,06:01 AM,06:37 PM,23,38,38,33,11,37,54,0.0,997,33,10,126,9,2024-09-06,34.5,Summer
93624,2019-09-07,37,31,0.0,10.2,8,1,54,02:03 PM,No moonset,06:02 AM,06:36 PM,23,39,39,33,12,32,56,0.0,997,33,10,123,10,2024-09-07,34.0,Summer
93648,2019-09-08,37,31,0.0,10.2,8,1,62,02:57 PM,12:41 AM,06:02 AM,06:35 PM,24,39,39,33,17,11,61,0.0,998,33,10,106,15,2024-09-08,34.0,Summer
93672,2019-09-09,41,34,0.0,11.6,9,1,69,03:46 PM,01:33 AM,06:03 AM,06:34 PM,26,46,46,35,7,4,59,0.0,999,35,10,133,6,2024-09-09,37.5,Summer
93696,2019-09-10,40,33,0.0,11.6,9,1,77,04:30 PM,02:25 AM,06:03 AM,06:33 PM,23,41,41,35,11,7,52,0.0,996,35,10,139,9,2024-09-10,36.5,Summer
93720,2019-09-11,41,33,0.0,11.6,9,1,84,05:11 PM,03:19 AM,06:04 AM,06:31 PM,23,41,41,35,12,4,50,0.0,998,35,10,136,10,2024-09-11,37.0,Summer
93744,2019-09-12,40,33,0.0,11.6,9,1,92,05:47 PM,04:12 AM,06:04 AM,06:30 PM,23,42,42,35,14,3,50,0.0,999,35,10,131,12,2024-09-12,36.5,Summer
93768,2019-09-13,35,31,0.0,11.6,8,1,99,06:21 PM,05:05 AM,06:05 AM,06:29 PM,25,44,44,35,15,3,56,0.0,1000,35,10,125,13,2024-09-13,33.0,Summer
93792,2019-09-14,34,30,0.0,10.2,8,1,100,06:53 PM,05:58 AM,06:05 AM,06:28 PM,24,37,37,32,15,7,62,0.0,1002,32,10,117,13,2024-09-14,32.0,Summer
93816,2019-09-15,36,29,0.0,11.6,8,1,85,07:24 PM,06:50 AM,06:06 AM,06:27 PM,24,36,36,31,15,69,67,0.2,1003,31,10,100,12,2024-09-15,32.5,Summer
93840,2019-09-16,40,34,0.0,11.6,9,1,78,07:55 PM,07:42 AM,06:06 AM,06:25 PM,27,38,38,32,7,0,58,0.0,1002,32,10,98,6,2024-09-16,37.0,Summer
93864,2019-09-17,41,32,0.0,11.6,9,1,70,08:26 PM,08:34 AM,06:07 AM,06:24 PM,24,34,40,34,15,4,56,0.0,1000,11,10,140,13,2024-09-17,36.5,Summer
93888,2019-09-18,39,28,0.0,11.6,7,1,63,09:00 PM,09:28 AM,06:07 AM,06:23 PM,22,37,37,32,23,29,56,0.0,1003,32,10,118,18,2024-09-18,33.5,Summer
93912,2019-09-19,33,27,0.0,8.8,8,1,55,09:37 PM,10:22 AM,06:08 AM,06:22 PM,23,34,34,30,20,14,68,0.0,1008,30,10,127,18,2024-09-24,30.0,Summer
93936,2019-09-20,34,28,0.0,10.2,8,1,48,10:18 PM,11:19 AM,06:08 AM,06:21 PM,22,33,33,30,14,9,65,0.0,1007,30,10,117,12,2024-09-20,31.0,Summer
93960,2019-09-21,36,28,0.0,7.4,8,1,40,11:04 PM,12:17 PM,06:09 AM,06:19 PM,21,33,33,30,8,19,60,0.0,1006,30,10,146,7,2024-09-21,32.0,Summer
93984,2019-09-22,34,29,0.0,10.2,7,1,33,11:57 PM,01:16 PM,06:09 AM,06:18 PM,23,35,35,31,9,37,62,0.1,1006,31,10,154,8,2024-09-22,31.5,Summer
94008,2019-09-23,34,28,0.0,8.8,8,1,25,No moonrise,02:13 PM,06:10 AM,06:17 PM,21,31,31,29,13,19,62,0.0,1009,29,10,145,12,2024-09-23,31.0,Summer
94056,2019-09-25,35,28,0.0,10.2,8,1,10,01:59 AM,04:01 PM,06:11 AM,06:15 PM,22,33,33,29,13,24,67,0.0,1009,29,10,126,11,2024-09-25,31.5,Summer
94080,2019-09-26,32,27,0.0,10.2,7,1,2,03:07 AM,04:49 PM,06:11 AM,06:13 PM,22,33,33,29,19,21,66,0.0,1011,29,10,107,16,2024-09-26,29.5,Summer
94104,2019-09-27,32,26,0.0,7.4,6,1,0,04:16 AM,05:34 PM,06:12 AM,06:12 PM,23,31,31,28,18,39,72,0.0,1010,28,10,99,16,2024-09-27,29.0,Normal
94128,2019-09-28,31,25,0.0,6.0,7,1,0,05:25 AM,06:15 PM,06:12 AM,06:11 PM,22,30,30,27,16,33,75,0.0,1008,27,10,108,14,2024-09-28,28.0,Normal
94152,2019-09-29,30,25,0.0,8.8,6,1,0,06:32 AM,06:55 PM,06:13 AM,06:10 PM,22,28,28,26,17,85,77,0.0,1008,26,10,108,15,2024-09-29,27.5,Normal
94176,2019-09-30,33,24,0.0,11.6,7,1,5,07:40 AM,07:35 PM,06:13 AM,06:09 PM,22,28,28,26,14,38,81,0.0,1009,26,10,112,13,2024-09-30,28.5,Normal
94200,2019-10-01,35,26,0.0,11.6,7,1,12,08:46 AM,08:16 PM,06:14 AM,06:08 PM,22,30,30,28,15,81,70,0.3,1006,28,9,129,11,2024-10-01,30.5,Summer
94224,2019-10-02,34,28,0.0,11.6,8,1,19,09:52 AM,09:00 PM,06:14 AM,06:06 PM,23,35,35,31,14,4,63,0.0,1006,31,10,93,12,2024-10-02,31.0,Summer
94248,2019-10-03,36,29,0.0,10.2,8,1,27,10:55 AM,09:46 PM,06:15 AM,06:05 PM,22,34,34,31,9,5,58,0.0,1006,31,10,138,8,2024-10-03,32.5,Summer
94272,2019-10-04,35,29,0.0,11.6,7,1,34,11:55 AM,10:35 PM,06:15 AM,06:04 PM,21,36,36,32,8,29,51,0.0,1008,32,10,134,7,2024-10-04,32.0,Summer
94296,2019-10-05,35,28,0.0,11.6,8,1,41,12:51 PM,11:26 PM,06:16 AM,06:03 PM,19,34,34,31,3,5,49,0.0,1007,31,10,288,3,2024-10-05,31.5,Summer
94320,2019-10-06,36,29,0.0,11.6,8,1,48,01:43 PM,No moonset,06:16 AM,06:02 PM,16,32,32,29,4,3,38,0.0,1008,29,10,321,4,2024-10-06,32.5,Summer
94344,2019-10-07,33,29,0.0,11.6,8,1,56,02:29 PM,12:19 AM,06:17 AM,06:01 PM,15,31,31,31,4,8,40,0.0,1008,31,10,160,4,2024-10-07,31.0,Summer
94368,2019-10-08,36,29,0.0,11.6,8,1,63,03:11 PM,01:13 AM,06:17 AM,06:00 PM,15,30,30,30,10,6,40,0.0,1010,30,10,328,9,2024-10-08,32.5,Summer
94392,2019-10-09,36,30,0.0,8.7,8,1,70,03:49 PM,02:07 AM,06:18 AM,05:59 PM,15,33,33,30,9,1,35,0.0,1010,30,10,78,8,2024-10-09,33.0,Summer
94416,2019-10-10,36,28,0.0,8.7,8,1,77,04:23 PM,03:00 AM,06:18 AM,05:57 PM,14,30,30,30,10,6,37,0.0,1008,30,10,121,8,2024-10-10,32.0,Summer
94440,2019-10-11,36,28,0.0,8.7,8,1,85,04:55 PM,03:53 AM,06:19 AM,05:56 PM,15,30,30,30,9,5,40,0.0,1009,30,10,70,8,2024-10-11,32.0,Summer
94464,2019-10-12,36,29,0.0,8.7,8,1,92,05:27 PM,04:45 AM,06:20 AM,05:55 PM,16,33,33,32,5,2,38,0.0,1008,32,10,110,4,2024-10-12,32.5,Summer
94488,2019-10-13,35,29,0.0,8.7,8,1,99,05:57 PM,05:37 AM,06:20 AM,05:54 PM,15,31,31,31,7,6,39,0.0,1010,31,10,150,6,2024-10-13,32.0,Summer
94512,2019-10-14,38,28,0.0,8.7,8,1,100,06:28 PM,06:29 AM,06:21 AM,05:53 PM,13,31,31,31,7,5,34,0.0,1010,31,10,120,6,2024-10-14,33.0,Summer
94536,2019-10-15,37,30,0.0,8.7,8,1,86,07:02 PM,07:23 AM,06:21 AM,05:52 PM,17,31,31,29,10,1,41,0.0,1011,29,10,123,9,2024-10-15,33.5,Summer
94560,2019-10-16,37,31,0.0,8.7,8,1,79,07:37 PM,08:18 AM,06:22 AM,05:51 PM,18,35,35,33,10,0,42,0.0,1012,33,10,125,9,2024-10-16,34.0,Summer
94584,2019-10-17,36,28,0.0,8.7,8,1,72,08:17 PM,09:15 AM,06:23 AM,05:50 PM,15,31,31,30,10,6,40,0.0,1012,30,10,130,9,2024-10-17,32.0,Summer
94608,2019-10-18,36,28,0.0,8.7,8,1,64,09:01 PM,10:12 AM,06:23 AM,05:49 PM,14,30,30,30,12,6,38,0.0,1012,30,10,109,10,2024-10-18,32.0,Summer
94632,2019-10-19,35,28,0.0,7.2,8,1,57,09:51 PM,11:11 AM,06:24 AM,05:48 PM,15,30,30,30,11,7,39,0.0,1012,30,10,113,10,2024-10-24,31.5,Summer
94656,2019-10-20,37,26,0.0,8.7,8,1,50,10:46 PM,12:08 PM,06:24 AM,05:47 PM,12,30,30,31,4,9,32,0.0,1012,31,10,77,4,2024-10-20,31.5,Summer
94680,2019-10-21,35,31,0.0,8.7,8,1,43,11:47 PM,01:03 PM,06:25 AM,05:46 PM,9,29,29,28,3,0,22,0.0,1012,28,10,302,3,2024-10-21,33.0,Summer
94704,2019-10-22,36,29,0.0,8.7,8,1,35,No moonrise,01:54 PM,06:26 AM,05:45 PM,10,31,31,33,8,0,25,0.0,1009,33,10,330,7,2024-10-22,32.5,Summer
94728,2019-10-23,36,30,0.0,8.7,8,1,28,12:51 AM,02:42 PM,06:26 AM,05:44 PM,10,32,32,30,3,0,23,0.0,1007,30,10,71,3,2024-10-23,33.0,Summer
94776,2019-10-25,34,26,0.0,8.7,8,1,13,03:03 AM,04:07 PM,06:28 AM,05:42 PM,12,33,33,31,11,3,35,0.0,1010,31,10,124,9,2024-10-25,30.0,Summer
94800,2019-10-26,33,26,0.0,8.7,8,1,6,04:10 AM,04:46 PM,06:28 AM,05:42 PM,12,28,28,28,12,3,37,0.0,1011,28,10,143,11,2024-10-26,29.5,Summer
94824,2019-10-27,36,28,0.0,8.7,8,1,0,05:17 AM,05:26 PM,06:29 AM,05:41 PM,15,32,32,30,4,0,34,0.0,1012,30,10,133,4,2024-10-27,32.0,Summer
94848,2019-10-28,37,29,0.0,8.7,8,1,0,06:23 AM,06:06 PM,06:30 AM,05:40 PM,13,30,30,29,2,0,31,0.0,1010,29,10,241,2,2024-10-28,33.0,Summer
94872,2019-10-29,34,26,0.0,5.7,7,1,1,07:30 AM,06:49 PM,06:30 AM,05:39 PM,8,27,27,28,6,55,28,0.0,1011,28,10,116,4,2024-10-29,30.0,Summer
94896,2019-10-30,35,27,0.0,8.7,8,1,8,08:35 AM,07:35 PM,06:31 AM,05:38 PM,10,28,28,29,5,10,30,0.0,1011,29,10,155,4,2024-10-30,31.0,Summer
94920,2019-10-31,37,30,0.0,8.7,8,1,12,09:40 AM,08:23 PM,06:32 AM,05:37 PM,11,32,32,30,4,0,26,0.0,1010,30,10,271,3,2024-10-31,33.5,Summer
94944,2019-11-01,38,30,0.0,8.7,8,1,24,10:39 AM,09:15 PM,06:33 AM,05:37 PM,11,32,32,33,6,0,26,0.0,1009,33,10,287,5,2024-11-01,34.0,Summer
94968,2019-11-02,33,29,0.0,8.7,8,1,31,11:35 AM,10:09 PM,06:33 AM,05:36 PM,10,29,29,30,4,7,28,0.0,1010,30,10,133,4,2024-11-02,31.0,Summer
94992,2019-11-03,33,27,0.0,5.7,6,1,39,12:24 PM,11:04 PM,06:34 AM,05:35 PM,9,28,28,29,8,53,30,0.0,1012,29,10,102,6,2024-11-03,30.0,Summer
95016,2019-11-04,32,27,0.0,8.7,8,1,46,01:09 PM,11:59 PM,06:35 AM,05:34 PM,14,29,29,29,7,55,38,0.0,1012,29,10,338,6,2024-11-04,29.5,Summer
95040,2019-11-05,35,28,0.0,8.7,8,1,54,01:48 PM,No moonset,06:35 AM,05:34 PM,10,27,27,28,9,3,31,0.0,1011,28,10,310,8,2024-11-05,31.5,Summer
95064,2019-11-06,33,27,0.0,8.7,8,1,61,02:24 PM,12:53 AM,06:36 AM,05:33 PM,7,32,32,31,5,4,26,0.0,1008,31,10,292,5,2024-11-06,30.0,Summer
95088,2019-11-07,29,25,0.0,4.1,7,1,69,02:57 PM,01:46 AM,06:37 AM,05:32 PM,8,26,26,27,13,6,30,0.0,1007,27,10,115,11,2024-11-07,27.0,Normal
95112,2019-11-08,32,23,0.0,8.7,6,1,76,03:28 PM,02:38 AM,06:38 AM,05:32 PM,14,26,26,25,3,85,50,0.1,1010,25,9,182,3,2024-11-08,27.5,Normal
95136,2019-11-09,32,25,0.0,8.7,7,1,84,03:59 PM,03:30 AM,06:39 AM,05:31 PM,12,27,27,27,9,7,41,0.0,1012,27,10,357,8,2024-11-09,28.5,Normal
95160,2019-11-10,31,24,0.0,8.7,7,1,91,04:29 PM,04:22 AM,06:39 AM,05:30 PM,8,25,25,26,13,5,31,0.0,1013,26,10,335,11,2024-11-10,27.5,Normal
95184,2019-11-11,29,21,0.0,8.7,7,1,99,05:02 PM,05:16 AM,06:40 AM,05:30 PM,2,24,24,25,10,11,22,0.0,1012,25,10,327,8,2024-11-11,25.0,Normal
95208,2019-11-12,33,25,0.0,8.7,7,1,100,05:37 PM,06:11 AM,06:41 AM,05:29 PM,3,23,23,22,8,2,21,0.0,1012,22,10,331,7,2024-11-12,29.0,Normal
95232,2019-11-13,31,24,0.0,8.7,7,1,86,06:15 PM,07:08 AM,06:42 AM,05:29 PM,2,24,24,26,9,9,22,0.0,1014,26,10,120,8,2024-11-13,27.5,Normal
95256,2019-11-14,31,25,0.0,8.7,7,1,78,06:59 PM,08:06 AM,06:42 AM,05:28 PM,5,26,26,27,8,7,25,0.0,1015,27,10,135,6,2024-11-14,28.0,Normal
95280,2019-11-15,31,24,0.0,8.7,7,1,71,07:47 PM,09:06 AM,06:43 AM,05:28 PM,9,25,25,25,13,50,36,0.0,1015,25,10,24,10,2024-11-15,27.5,Normal
95304,2019-11-16,31,24,0.0,8.7,7,1,63,08:41 PM,10:04 AM,06:44 AM,05:27 PM,12,27,27,27,10,2,39,0.0,1014,27,10,334,9,2024-11-16,27.5,Normal
95328,2019-11-17,30,23,0.0,8.7,7,1,56,09:41 PM,11:00 AM,06:45 AM,05:27 PM,13,26,26,26,19,1,44,0.0,1015,26,10,313,16,2024-11-17,26.5,Normal
95352,2019-11-18,30,21,0.0,7.2,6,1,48,10:43 PM,11:53 AM,06:46 AM,05:27 PM,6,24,24,23,25,99,34,0.0,1013,23,10,292,17,2024-11-18,25.5,Normal
95376,2019-11-19,30,24,0.0,8.7,7,1,41,11:47 PM,12:40 PM,06:46 AM,05:26 PM,10,26,26,26,12,0,36,0.0,1013,26,10,285,10,2024-11-24,27.0,Normal
95400,2019-11-20,28,21,0.0,4.0,6,1,33,No moonrise,01:24 PM,06:47 AM,05:26 PM,6,25,25,25,6,4,30,0.0,1013,25,10,197,5,2024-11-20,24.5,Winter
95424,2019-11-21,28,23,0.0,7.1,7,1,26,12:51 AM,02:04 PM,06:48 AM,05:26 PM,7,25,25,23,6,0,28,0.0,1015,23,10,84,6,2024-11-21,25.5,Normal
95448,2019-11-22,30,23,0.0,8.7,7,1,18,01:56 AM,02:43 PM,06:49 AM,05:25 PM,4,24,24,23,7,20,29,0.0,1016,23,10,37,5,2024-11-22,26.5,Normal
95472,2019-11-23,29,23,0.0,8.7,7,1,10,03:00 AM,03:21 PM,06:50 AM,05:25 PM,5,24,24,24,12,8,28,0.0,1015,24,10,348,10,2024-11-23,26.0,Normal
95520,2019-11-25,30,22,0.0,8.7,7,1,0,05:10 AM,04:39 PM,06:51 AM,05:25 PM,10,25,25,24,12,17,41,0.0,1015,24,10,337,9,2024-11-25,26.0,Normal
95544,2019-11-26,28,18,0.0,5.6,5,1,0,06:15 AM,05:23 PM,06:52 AM,05:24 PM,12,25,25,24,7,81,48,0.8,1015,24,10,62,5,2024-11-26,23.0,Winter
95568,2019-11-27,25,20,0.0,4.0,5,1,0,07:20 AM,06:10 PM,06:53 AM,05:24 PM,12,18,19,18,14,85,58,0.6,1015,18,10,31,10,2024-11-27,22.5,Winter
95592,2019-11-28,28,21,0.0,4.0,6,1,4,08:22 AM,07:01 PM,06:54 AM,05:24 PM,13,25,25,22,7,21,55,0.0,1016,22,10,79,6,2024-11-28,24.5,Winter
95616,2019-11-29,27,20,0.0,8.7,6,1,12,09:22 AM,07:55 PM,06:54 AM,05:24 PM,16,25,25,23,8,49,62,0.8,1014,23,8,89,5,2024-11-29,23.5,Winter
95640,2019-11-30,28,22,0.0,8.7,6,1,20,10:15 AM,08:51 PM,06:55 AM,05:24 PM,14,25,25,22,13,12,58,0.0,1015,22,10,356,12,2024-11-30,25.0,Normal
95664,2019-12-01,27,22,0.0,8.7,6,1,26,11:03 AM,09:47 PM,06:56 AM,05:24 PM,9,25,25,24,10,0,39,0.0,1015,24,10,333,8,2024-12-01,24.5,Winter
95688,2019-12-02,26,21,0.0,8.7,6,1,33,11:45 AM,10:42 PM,06:57 AM,05:24 PM,6,24,24,23,10,0,33,0.0,1015,23,10,315,8,2024-12-02,23.5,Winter
95712,2019-12-03,28,20,0.0,8.7,6,1,41,12:22 PM,11:37 PM,06:58 AM,05:24 PM,8,24,24,23,9,0,38,0.0,1016,23,10,292,8,2024-12-03,24.0,Winter
95736,2019-12-04,28,21,0.0,8.7,6,1,48,12:57 PM,No moonset,06:58 AM,05:24 PM,2,24,24,24,6,0,23,0.0,1018,24,10,289,5,2024-12-04,24.5,Winter
95760,2019-12-05,25,18,0.0,8.7,6,1,55,01:29 PM,12:29 AM,06:59 AM,05:24 PM,2,24,24,24,4,0,23,0.0,1019,24,10,28,4,2024-12-05,21.5,Winter
95784,2019-12-06,26,22,0.0,8.7,6,1,62,01:59 PM,01:21 AM,07:00 AM,05:24 PM,6,20,22,20,6,0,31,0.0,1019,20,10,357,5,2024-12-06,24.0,Winter
95808,2019-12-07,29,22,0.0,8.7,7,1,70,02:29 PM,02:13 AM,07:01 AM,05:24 PM,9,24,24,22,7,3,42,0.0,1018,22,10,336,6,2024-12-07,25.5,Normal
95832,2019-12-08,29,23,0.0,8.7,7,1,77,03:01 PM,03:06 AM,07:01 AM,05:24 PM,12,26,26,25,5,0,42,0.0,1018,25,10,237,4,2024-12-08,26.0,Normal
95856,2019-12-09,25,20,0.0,8.7,6,1,84,03:34 PM,04:00 AM,07:02 AM,05:25 PM,6,26,26,24,7,13,39,0.0,1018,24,10,341,6,2024-12-09,22.5,Winter
95880,2019-12-10,26,20,0.0,8.7,6,1,92,04:11 PM,04:56 AM,07:03 AM,05:25 PM,8,21,23,21,6,0,36,0.0,1016,21,10,321,5,2024-12-10,23.0,Winter
95904,2019-12-11,24,19,0.0,8.7,6,1,99,04:53 PM,05:55 AM,07:03 AM,05:25 PM,1,21,22,21,4,18,27,0.0,1013,21,10,327,3,2024-12-11,21.5,Winter
95928,2019-12-12,23,17,0.0,8.7,6,1,100,05:40 PM,06:54 AM,07:04 AM,05:25 PM,4,21,21,21,8,47,34,0.0,1013,21,10,78,6,2024-12-12,20.0,Winter
95952,2019-12-13,20,12,0.0,3.8,4,1,87,06:33 PM,07:55 AM,07:05 AM,05:26 PM,10,17,17,17,32,88,66,3.4,1013,17,6,104,18,2024-12-13,16.0,Winter
95976,2019-12-14,21,15,0.0,8.7,5,1,79,07:33 PM,08:54 AM,07:05 AM,05:26 PM,12,15,18,15,4,59,66,0.2,1018,15,10,204,4,2024-12-14,18.0,Winter
96000,2019-12-15,24,16,0.0,8.7,4,1,72,08:35 PM,09:49 AM,07:06 AM,05:26 PM,10,17,17,17,8,60,63,0.0,1019,17,10,46,6,2024-12-15,20.0,Winter
96024,2019-12-16,23,19,0.0,8.7,6,1,65,09:40 PM,10:39 AM,07:07 AM,05:27 PM,11,21,23,21,8,0,52,0.0,1018,21,10,337,7,2024-12-16,21.0,Winter
96048,2019-12-17,21,13,0.0,8.7,5,1,58,10:45 PM,11:25 AM,07:07 AM,05:27 PM,8,19,19,19,11,0,48,0.0,1019,19,10,288,10,2024-12-17,17.0,Winter
96072,2019-12-18,21,16,0.0,8.7,5,1,50,11:49 PM,12:06 PM,07:08 AM,05:27 PM,8,15,17,15,12,0,47,0.0,1019,15,10,307,10,2024-12-18,18.5,Winter
96096,2019-12-19,21,15,0.0,8.7,5,1,43,No moonrise,12:44 PM,07:08 AM,05:28 PM,3,18,18,18,7,5,36,0.0,1018,18,10,290,6,2024-12-24,18.0,Winter
96120,2019-12-20,22,16,0.0,8.7,5,1,36,12:52 AM,01:21 PM,07:09 AM,05:28 PM,-1,18,18,18,5,7,27,0.0,1016,18,10,295,4,2024-12-20,19.0,Winter
96144,2019-12-21,23,16,0.0,5.4,5,1,28,01:55 AM,01:58 PM,07:10 AM,05:29 PM,1,18,18,18,5,23,31,0.0,1015,18,10,312,3,2024-12-21,19.5,Winter
96168,2019-12-22,24,17,0.0,8.7,6,1,21,02:57 AM,02:36 PM,07:10 AM,05:29 PM,12,18,21,18,7,1,54,0.0,1017,18,10,322,6,2024-12-22,20.5,Winter
96192,2019-12-23,24,16,0.0,7.1,5,1,14,04:01 AM,03:17 PM,07:11 AM,05:30 PM,7,19,19,19,10,0,44,0.0,1016,19,10,286,9,2024-12-23,20.0,Winter
96240,2019-12-25,23,15,0.0,8.7,5,1,0,06:07 AM,04:49 PM,07:12 AM,05:31 PM,4,19,19,19,8,0,36,0.0,1017,19,10,315,6,2024-12-25,19.0,Winter
96264,2019-12-26,22,15,0.0,8.7,5,1,0,07:07 AM,05:42 PM,07:12 AM,05:31 PM,2,18,18,18,9,0,35,0.0,1016,18,10,290,8,2024-12-26,18.5,Winter
96288,2019-12-27,22,15,0.0,8.7,5,1,0,08:03 AM,06:37 PM,07:12 AM,05:32 PM,1,18,18,18,8,0,33,0.0,1016,18,10,295,7,2024-12-27,18.5,Winter
96312,2019-12-28,22,13,0.0,8.7,5,1,8,08:54 AM,07:34 PM,07:13 AM,05:33 PM,1,18,18,18,6,0,31,0.0,1018,18,10,318,5,2024-12-28,17.5,Winter
96336,2019-12-29,19,14,0.0,8.7,5,1,15,09:39 AM,08:30 PM,07:13 AM,05:33 PM,2,18,18,18,4,0,33,0.0,1019,18,10,71,3,2024-12-29,16.5,Winter
96360,2019-12-30,20,14,0.0,7.1,5,1,22,10:19 AM,09:26 PM,07:13 AM,05:34 PM,0,15,18,15,3,0,31,0.0,1018,15,10,5,3,2024-12-30,17.0,Winter
96384,2019-12-31,17,10,0.0,7.1,4,1,26,10:55 AM,10:19 PM,07:14 AM,05:35 PM,1,15,15,15,9,2,40,0.0,1018,15,10,125,8,2024-12-31,13.5,Winter
